Weight1,Weight2,bias
0.3547185292090175,0.6275353179081747,0
0.5642724596410518,0.5975932500677521,0
0.03417313260338217,0.9620423577171169,0
0.24152626484118578,0.5205429460027402,0
