Uweight,Wweight,bias
0.19489607503470455,0.7519355306669254,0.7523955559507992
0.8428075622999224,0.2481454060755286,0.37940437894615386
0.07483081931162644,0.7274744276491774,0.08936993368574436
0.26392259142207747,0.041718106804109485,0.9533007378694202
