wlr1,wlr2,blr1,wpr1,wpr2,bpr1,wp1,wp2,bp1,wo1,wo2,bo1
1.2725665567559217,0.9304252920665276,0.3097453516050832,0.0739440570012071,0.9304252920665276,0,0.6863257707482383,0,0.2639285187838074,1.8846048000459668,1.046751215162958,-0.18920696777174628
